1,Ana Pérez,30,ana.perez@email.com
2,María López,28,maria.lopez@email.com
1,Ana Perez,30,ana.perez@email.com
2,María Lopez,28,maria.lopez@email.com
1,Ana Perez,30,ana.perez@email.com
2,María Lopez,28,maria.lopez@email.com
1,Ana Perez,30,ana.perez@email.com
2,Maria Lopez,28,maria.lopez@email.com
1,Ana Perez,30,ana.perez@email.com
2,Maria Lopez,28,maria.lopez@email.com
1,Ana Perez,30,ana.perez@email.com
2,Maria Lopez,28,maria.lopez@email.com
1,Ana Perez,30,ana.perez@email.com
2,Maria Lopez,28,maria.lopez@email.com
1,Ana Perez,30,ana.perez@email.com
2,Maria Lopez,28,maria.lopez@email.com
1,Ana Perez,30,ana.perez@email.com
2,Maria Lopez,28,maria.lopez@email.com
